{"_ts": 1781896527.795989, "data": {"AAPL": {"roe": 1.4147099, "margin": 0.27152002, "d2e": 79.548, "pe": 36.078693, "pb": 41.04821}, "MSFT": {"roe": 0.34013999, "margin": 0.39341998, "d2e": 30.271, "pe": 22.610249, "pb": 6.802087}, "NVDA": {"roe": 1.14288, "margin": 0.62966, "d2e": 6.555, "pe": 32.26493, "pb": 26.107807}, "GOOGL": {"roe": 0.38884997, "margin": 0.37919, "d2e": 20.026, "pe": 28.093893, "pb": 9.313914}, "META": {"roe": 0.32930002, "margin": 0.32837, "d2e": 35.608, "pe": 20.997452, "pb": 6.0118937}, "AVGO": {"roe": 0.37280998, "margin": 0.38848, "d2e": 74.018, "pe": 68.21725, "pb": 22.319588}, "ORCL": {"roe": 0.53376, "margin": 0.25368, "d2e": 362.758, "pe": 31.556505, "pb": 15.797188}, "CRM": {"roe": 0.16908, "margin": 0.18733, "d2e": 124.282, "pe": 17.56713, "pb": 3.6310136}, "AMD": {"roe": 0.08063, "margin": 0.13374, "d2e": 6.005, "pe": 179.72241, "pb": 13.588135}, "ADBE": {"roe": 0.62953997, "margin": 0.28689, "d2e": 61.443, "pe": 11.164761, "pb": 6.760661}, "AMZN": {"roe": 0.24285, "margin": 0.12224, "d2e": 53.3, "pe": 31.453024, "pb": 5.947242}, "TSLA": {"roe": 0.04901, "margin": 0.03946, "d2e": 18.738, "pe": 367.422, "pb": 18.28972}, "HD": {"roe": 1.2838, "margin": 0.08411, "d2e": 459.356, "pe": 23.724627, "pb": 24.021269}, "NKE": {"roe": 0.16016, "margin": 0.04836, "d2e": 79.333, "pe": 29.736843, "pb": 4.747899}, "MCD": {"roe": null, "margin": 0.31618, "d2e": null, "pe": 22.987623, "pb": -153.92818}, "SBUX": {"roe": null, "margin": 0.03888, "d2e": null, "pe": 76.83207, "pb": -13.548257}, "PG": {"roe": 0.31112, "margin": 0.19162, "d2e": 67.651, "pe": 21.953285, "pb": 6.515316}, "KO": {"roe": 0.43372002, "margin": 0.278, "d2e": 124.943, "pe": 24.965408, "pb": 10.15737}, "PEP": {"roe": 0.43879002, "margin": 0.09149, "d2e": 244.837, "pe": 22.295134, "pb": 9.085792}, "COST": {"roe": 0.29152, "margin": 0.0301, "d2e": 60.257, "pe": 47.980335, "pb": 25.523098}, "WMT": {"roe": 0.24132, "margin": 0.03135, "d2e": 74.816, "pe": 41.260563, "pb": 9.37365}, "CL": {"roe": 3.6357698, "margin": 0.10041001, "d2e": 1640.535, "pe": 34.682175, "pb": 494.3647}, "JNJ": {"roe": 0.26416, "margin": 0.21834, "d2e": 67.73, "pe": 26.464657, "pb": 6.77012}, "UNH": {"roe": 0.121759996, "margin": 0.02678, "d2e": 73.982, "pe": 30.170052, "pb": 3.7195497}, "LLY": {"roe": 1.07459, "margin": 0.34986, "d2e": 139.015, "pe": 38.997868, "pb": 31.462324}, "ABBV": {"roe": null, "margin": 0.05786, "d2e": null, "pe": 105.60488, "pb": -57.47014}, "MRK": {"roe": 0.18944, "margin": 0.13586001, "d2e": 106.936, "pe": 32.076057, "pb": 6.129953}, "PFE": {"roe": 0.083100006, "margin": 0.118310004, "d2e": 71.602, "pe": 19.244274, "pb": 1.5945603}, "JPM": {"roe": 0.16465001, "margin": 0.33936, "d2e": null, "pe": 15.568215, "pb": 2.5332804}, "BAC": {"roe": 0.10644, "margin": 0.28956, "d2e": null, "pe": 13.945409, "pb": 1.4535484}, "WFC": {"roe": 0.12028, "margin": 0.26742, "d2e": null, "pe": 12.704791, "pb": 1.545287}, "GS": {"roe": 0.14548, "margin": 0.29363, "d2e": 678.596, "pe": 20.028494, "pb": 3.0778818}, "MS": {"roe": 0.16388, "margin": 0.24753, "d2e": 502.246, "pe": 20.214674, "pb": 3.3722687}, "V": {"roe": 0.60349, "margin": 0.51679003, "d2e": 67.233, "pe": 28.554974, "pb": 17.55391}, "MA": {"roe": 2.32076, "margin": 0.45876, "d2e": 282.059, "pe": 28.311562, "pb": 64.65021}, "BRK-B": {"roe": 0.10499, "margin": 0.19305, "d2e": 17.669, "pe": 14.562927, "pb": 0.00096815516}, "XOM": {"roe": 0.09873, "margin": 0.077649996, "d2e": 18.261, "pe": 23.200336, "pb": 2.2202709}, "CVX": {"roe": 0.06638, "margin": 0.059270002, "d2e": 23.989, "pe": 30.196522, "pb": 1.8688784}, "COP": {"roe": 0.112840004, "margin": 0.12331, "d2e": 36.143, "pe": 18.261017, "pb": 2.0337126}, "SLB": {"roe": 0.14066, "margin": 0.09263, "d2e": 42.515, "pe": 21.185022, "pb": 2.7465873}, "CAT": {"roe": 0.51331, "margin": 0.13328, "d2e": 230.793, "pe": 49.19261, "pb": 24.334625}, "BA": {"roe": 1.69947, "margin": 0.024600001, "d2e": 828.696, "pe": 88.031624, "pb": 29.340008}, "GE": {"roe": 0.45428002, "margin": 0.17863001, "d2e": 116.527, "pe": 44.42733, "pb": 20.664473}, "HON": {"roe": 0.24264, "margin": 0.1089, "d2e": 257.387, "pe": 36.52472, "pb": 10.67795}, "UPS": {"roe": 0.33353, "margin": 0.05943, "d2e": 181.508, "pe": 16.967638, "pb": 5.486318}, "NEE": {"roe": 0.10325, "margin": 0.29369, "d2e": 156.686, "pe": 22.017767, "pb": 3.2759335}, "DUK": {"roe": 0.09661, "margin": 0.15706, "d2e": 161.495, "pe": 19.055386, "pb": 1.8017048}, "SO": {"roe": 0.109910004, "margin": 0.14458999, "d2e": 190.431, "pe": 23.808182, "pb": 2.8269055}, "DIS": {"roe": 0.1101, "margin": 0.1154, "d2e": 41.069, "pe": 16.6224, "pb": 1.6676565}, "NFLX": {"roe": 0.48494998, "margin": 0.28521, "d2e": 53.788, "pe": 24.96129, "pb": 10.472323}, "T": {"roe": 0.18370001, "margin": 0.16938, "d2e": 125.175, "pe": 7.240132, "pb": 1.3979042}, "VZ": {"roe": 0.17198, "margin": 0.12462, "d2e": 192.045, "pe": 11.065854, "pb": 1.8337982}}}